{
  "id": "3779037",
  "name": "网站图标包",
  "font_family": "iconfont",
  "css_prefix_text": "icon-",
  "description": "",
  "glyphs": [
    {
      "icon_id": "29290579",
      "name": "发送",
      "font_class": "fasong",
      "unicode": "100c0",
      "unicode_decimal": 65728
    },
    {
      "icon_id": "17447539",
      "name": "邮件",
      "font_class": "17",
      "unicode": "e618",
      "unicode_decimal": 58904
    },
    {
      "icon_id": "20647579",
      "name": "icon_bilibili",
      "font_class": "icon_bilibili",
      "unicode": "e619",
      "unicode_decimal": 58905
    },
    {
      "icon_id": "3506129",
      "name": "twitter",
      "font_class": "twitter",
      "unicode": "e600",
      "unicode_decimal": 58880
    },
    {
      "icon_id": "3506850",
      "name": "wechat",
      "font_class": "wechat",
      "unicode": "e601",
      "unicode_decimal": 58881
    },
    {
      "icon_id": "3506877",
      "name": "weibo",
      "font_class": "weibo",
      "unicode": "e602",
      "unicode_decimal": 58882
    },
    {
      "icon_id": "3506893",
      "name": "qzone",
      "font_class": "qzone",
      "unicode": "e603",
      "unicode_decimal": 58883
    },
    {
      "icon_id": "3506910",
      "name": "wechat-friend",
      "font_class": "wechat-friend",
      "unicode": "e604",
      "unicode_decimal": 58884
    },
    {
      "icon_id": "3506928",
      "name": "qq",
      "font_class": "qq",
      "unicode": "e605",
      "unicode_decimal": 58885
    },
    {
      "icon_id": "3506933",
      "name": "github",
      "font_class": "github",
      "unicode": "e606",
      "unicode_decimal": 58886
    },
    {
      "icon_id": "3506983",
      "name": "csdn",
      "font_class": "csdn",
      "unicode": "e607",
      "unicode_decimal": 58887
    },
    {
      "icon_id": "3507006",
      "name": "ins",
      "font_class": "ins",
      "unicode": "e608",
      "unicode_decimal": 58888
    },
    {
      "icon_id": "3507021",
      "name": "renren",
      "font_class": "renren",
      "unicode": "e609",
      "unicode_decimal": 58889
    },
    {
      "icon_id": "3507034",
      "name": "momo",
      "font_class": "momo",
      "unicode": "e60a",
      "unicode_decimal": 58890
    },
    {
      "icon_id": "3507053",
      "name": "Facebook",
      "font_class": "Facebook",
      "unicode": "e60b",
      "unicode_decimal": 58891
    },
    {
      "icon_id": "3507065",
      "name": "alipay",
      "font_class": "alipay",
      "unicode": "e60c",
      "unicode_decimal": 58892
    },
    {
      "icon_id": "3507074",
      "name": "xiaoenai",
      "font_class": "xiaoenai",
      "unicode": "e60d",
      "unicode_decimal": 58893
    },
    {
      "icon_id": "3507118",
      "name": "pinterest",
      "font_class": "pinterest",
      "unicode": "e60e",
      "unicode_decimal": 58894
    },
    {
      "icon_id": "3507122",
      "name": "linkedin",
      "font_class": "linkedin",
      "unicode": "e60f",
      "unicode_decimal": 58895
    },
    {
      "icon_id": "3507139",
      "name": "google ",
      "font_class": "google",
      "unicode": "e610",
      "unicode_decimal": 58896
    },
    {
      "icon_id": "3507142",
      "name": "tumblr",
      "font_class": "tumblr",
      "unicode": "e611",
      "unicode_decimal": 58897
    },
    {
      "icon_id": "3507146",
      "name": "vk",
      "font_class": "vk",
      "unicode": "e612",
      "unicode_decimal": 58898
    },
    {
      "icon_id": "3507154",
      "name": "mixi",
      "font_class": "mixi",
      "unicode": "e613",
      "unicode_decimal": 58899
    },
    {
      "icon_id": "3507160",
      "name": "skype",
      "font_class": "skype",
      "unicode": "e614",
      "unicode_decimal": 58900
    },
    {
      "icon_id": "3507166",
      "name": "pixiv",
      "font_class": "pixiv",
      "unicode": "e615",
      "unicode_decimal": 58901
    },
    {
      "icon_id": "3507167",
      "name": "kakaotalk",
      "font_class": "kakaotalk",
      "unicode": "e616",
      "unicode_decimal": 58902
    },
    {
      "icon_id": "3507171",
      "name": "line",
      "font_class": "line",
      "unicode": "e617",
      "unicode_decimal": 58903
    }
  ]
}
